{
  "console_log": true,
  "file_log": false,
  "export_data": true,
  "vision_width": 3000,
  "start_point":  [54.49476995345228, 18.72207641601563],
  "end_point": [54.543393154072604, 18.85116577148438],
  "survey_area_points": [
        [54.59195848180958, 18.80996704101563],
        [54.61423139363468, 18.778372095277312],
        [54.64682332026277, 18.749524536124905],
        [54.693678076405675, 18.68633464464823],
        [54.69209066466492, 18.67259771171854],
        [54.6984399390424, 18.6671234546913],
        [54.6992335284814, 18.655447061701054],
        [54.71787841178444, 18.62591265590217],
        [54.746820492190885, 18.541430518384427],
        [54.74880207005235, 18.52769358545474],
        [54.78762142424453, 18.423292895188933],
        [54.777326041189674, 18.416424428724074],
        [54.769800834573246, 18.418484968663545],
        [54.73017140973487, 18.39307164274357],
        [54.72224087008555, 18.419171815310026],
        [54.694471758989096, 18.472745853735887],
        [54.656357480617494, 18.466564233917545],
        [54.65000162223775, 18.474806393675358],
        [54.64324743346192, 18.47137216044293],
        [54.640465970694336, 18.476866933614794],
        [54.6345050525196, 18.469311620503458],
        [54.63053062157827, 18.483735400079656],
        [54.633710197403644, 18.508461879353153],
        [54.64205540129178, 18.516017192464492],
        [54.61184559302165, 18.515330345818015],
        [54.584796743678744, 18.541430518384427],
        [54.55096041055632, 18.559975377839542],
        [54.51709598731107, 18.559975377839542]
  ],
  "population_size": 32,
  "selection_rate": 0.667,
  "parents_count": 2,
  "mutants_rate": 0.1,
  "max_lifecycles": 64,
  "parents_choice_type": "panmixia",
  "parents_similarity_type": "combination",
  "mutation_swap_value": 0.1,
  "mutation_swap_type": "rate",
  "route_distance_weight": 1,
  "route_turns_angle_weight": 1,
  "route_self_intersection_weight": 1,
  "repair_route_genotypes": true,
  "params_ranges": {
        "population_size": [64],
        "selection_rate": [0.4, 0.45, 0.5, 0.55, 0.6],
        "parents_count": [2],
        "mutants_rate": [0],
        "parents_choice_type": ["panmixia", "inbreeding"],
        "parents_similarity_type": ["fitness"],
        "mutation_swap_value": [0.01, 0.05],
        "route_distance_weight": [1],
        "route_turns_angle_weight": [1],
        "route_self_intersection_weight": [1],
        "repair_route_genotypes": [false, true]
    },
    "area_samples": {
    "gdynia": {
        "vision_width": 3000,
        "start_point":  [54.49476995345228, 18.72207641601563],
        "end_point": [54.543393154072604, 18.85116577148438],
        "survey_area_points": [
              [54.59195848180958, 18.80996704101563],
              [54.61423139363468, 18.778372095277312],
              [54.64682332026277, 18.749524536124905],
              [54.693678076405675, 18.68633464464823],
              [54.69209066466492, 18.67259771171854],
              [54.6984399390424, 18.6671234546913],
              [54.6992335284814, 18.655447061701054],
              [54.71787841178444, 18.62591265590217],
              [54.746820492190885, 18.541430518384427],
              [54.74880207005235, 18.52769358545474],
              [54.78762142424453, 18.423292895188933],
              [54.777326041189674, 18.416424428724074],
              [54.769800834573246, 18.418484968663545],
              [54.73017140973487, 18.39307164274357],
              [54.72224087008555, 18.419171815310026],
              [54.694471758989096, 18.472745853735887],
              [54.656357480617494, 18.466564233917545],
              [54.65000162223775, 18.474806393675358],
              [54.64324743346192, 18.47137216044293],
              [54.640465970694336, 18.476866933614794],
              [54.6345050525196, 18.469311620503458],
              [54.63053062157827, 18.483735400079656],
              [54.633710197403644, 18.508461879353153],
              [54.64205540129178, 18.516017192464492],
              [54.61184559302165, 18.515330345818015],
              [54.584796743678744, 18.541430518384427],
              [54.55096041055632, 18.559975377839542],
              [54.51709598731107, 18.559975377839542]
        ]
    },
    "novorossiysk": {
        "vision_width": 1700,
        "start_point":  [44.725576546685524, 37.78035163879395],
        "end_point": [44.729296295654265, 37.79657363891602],
        "survey_area_points": [
              [44.70941420468772, 37.788505554199226],
              [44.7189291865304, 37.808761596679695],
              [44.71380592916737, 37.83760070800782],
              [44.680127525027586, 37.879657745361335],
              [44.66621116365773, 37.91330337524415],
              [44.657175947461916, 37.92051315307618],
              [44.64740656221672, 37.931327819824226],
              [44.6334823448553, 37.905406951904304],
              [44.63232184256788, 37.90454864501954],
              [44.59217862004477, 37.94849395751953],
              [44.57750750983904, 37.91278839111329],
              [44.66230421593577, 37.786788940429695],
              [44.67890692528533, 37.80807495117188],
              [44.69965362382473, 37.78919219970703]
          ]
    },
    "odessa": {
        "vision_width": 8450,
        "start_point":  [46.43974964419869, 30.672798156738285],
        "end_point": [46.413245172571244, 30.67794799804688],
        "survey_area_points": [
              [46.07323062540835, 30.934753417968754],
              [46.075136001950504, 31.643371582031254],
              [45.57175504130605, 31.643371582031254],
              [45.57175504130605, 30.923767089843754]
          ]
    },
    "pionerskiy": {
        "vision_width": 12500,
        "start_point":  [54.9611806, 20.21824722222222],
        "end_point": [54.9331722, 20.370066666666666],
        "survey_area_points": [
              [55.247697, 19.699547],
              [55.559281, 19.056831],
              [55.974931, 19.660008],
              [55.836542, 20.503575]
          ]
    }
  }
}