{
  "console_log": true,
  "file_log": false,
  "export_data": false,
  "vision_width": 3000,
  "start_point":  [54.49476995345228, 18.72207641601563],
  "end_point": [54.543393154072604, 18.85116577148438],
  "survey_area_points": [
        [54.59195848180958, 18.80996704101563],
        [54.61423139363468, 18.778372095277312],
        [54.64682332026277, 18.749524536124905],
        [54.693678076405675, 18.68633464464823],
        [54.69209066466492, 18.67259771171854],
        [54.6984399390424, 18.6671234546913],
        [54.6992335284814, 18.655447061701054],
        [54.71787841178444, 18.62591265590217],
        [54.746820492190885, 18.541430518384427],
        [54.74880207005235, 18.52769358545474],
        [54.78762142424453, 18.423292895188933],
        [54.777326041189674, 18.416424428724074],
        [54.769800834573246, 18.418484968663545],
        [54.73017140973487, 18.39307164274357],
        [54.72224087008555, 18.419171815310026],
        [54.694471758989096, 18.472745853735887],
        [54.656357480617494, 18.466564233917545],
        [54.65000162223775, 18.474806393675358],
        [54.64324743346192, 18.47137216044293],
        [54.640465970694336, 18.476866933614794],
        [54.6345050525196, 18.469311620503458],
        [54.63053062157827, 18.483735400079656],
        [54.633710197403644, 18.508461879353153],
        [54.64205540129178, 18.516017192464492],
        [54.61184559302165, 18.515330345818015],
        [54.584796743678744, 18.541430518384427],
        [54.55096041055632, 18.559975377839542],
        [54.51709598731107, 18.559975377839542]
  ],
  "population_size": 32,
  "selection_rate": 0.666,
  "parents_count": 2,
  "mutants_rate": 0.15,
  "max_lifecycles": 128,
  "parents_choice_type": "outbreeding",
  "parents_similarity_type": "fitness",
  "mutation_swap_value": 0.1,
  "mutation_swap_type": "rate",
  "route_distance_weight": 1.5,
  "route_turns_angle_weight": 1.5,
  "route_self_intersection_weight": 1.5,
  "repair_route_genotypes": true,
  "params_ranges": {
        "population_size": [64, 128, 256, 512],
        "selection_rate": [0.4, 0.45, 0.5, 0.55, 0.6, 0.66, 0.667, 0.7],
        "parents_count": [2, 3, 4],
        "mutants_rate": [0, 0.05, 0.1, 0.15, 0.2],
        "parents_choice_type": ["panmixia", "inbreeding", "outbreeding"],
        "parents_similarity_type": ["fitness", "combination"],
        "mutation_swap_value": [0.01, 0.05, 0.07, 0.1, 0.13],
        "route_distance_weight": [0, 1, 3],
        "route_turns_angle_weight": [0, 1, 3],
        "route_self_intersection_weight": [0, 1, 3],
        "repair_route_genotypes": [false, true]
    }
}