{
  "console_log": true,
  "file_log": false,
  "export_data": false,
  "vision_width": 1700,
  "start_point":  [44.725576546685524, 37.78035163879395],
  "end_point": [44.729296295654265, 37.79657363891602],
  "survey_area_points": [
        [44.70941420468772, 37.788505554199226],
        [44.7189291865304, 37.808761596679695],
        [44.71380592916737, 37.83760070800782],
        [44.680127525027586, 37.879657745361335],
        [44.66621116365773, 37.91330337524415],
        [44.657175947461916, 37.92051315307618],
        [44.64740656221672, 37.931327819824226],
        [44.6334823448553, 37.905406951904304],
        [44.63232184256788, 37.90454864501954],
        [44.59217862004477, 37.94849395751953],
        [44.57750750983904, 37.91278839111329],
        [44.66230421593577, 37.786788940429695],
        [44.67890692528533, 37.80807495117188],
        [44.69965362382473, 37.78919219970703]
    ],
  "population_size": 32,
  "selection_rate": 0.666,
  "parents_count": 2,
  "mutants_rate": 0.15,
  "max_lifecycles": 512,
  "parents_choice_type": "outbreeding",
  "parents_similarity_type": "fitness",
  "mutation_swap_value": 0.1,
  "mutation_swap_type": "rate",
  "route_distance_weight": 1.5,
  "route_turns_angle_weight": 1.5,
  "route_self_intersection_weight": 1.5,
  "repair_route_genotypes": true,
  "params_ranges": {
        "population_size": [64, 128, 256, 512],
        "selection_rate": [0.4, 0.45, 0.5, 0.55, 0.6, 0.66, 0.667, 0.7],
        "parents_count": [2, 3, 4],
        "mutants_rate": [0, 0.05, 0.1, 0.15, 0.2],
        "parents_choice_type": ["panmixia", "inbreeding", "outbreeding"],
        "parents_similarity_type": ["fitness", "combination"],
        "mutation_swap_value": [0.01, 0.05, 0.07, 0.1, 0.13],
        "route_distance_weight": [0, 1, 3],
        "route_turns_angle_weight": [0, 1, 3],
        "route_self_intersection_weight": [0, 1, 3],
        "repair_route_genotypes": [false, true]
    }
}